DN/OD [mm];SDR 41 Veggtykkelse [mm];SDR 41 Vekt [kg/m];SDR 33 Veggtykkelse [mm];SDR 33 Vekt [kg/m];SDR 26 Veggtykkelse [mm];SDR 26 Vekt [kg/m];SDR 21 Veggtykkelse [mm];SDR 21 Vekt [kg/m];SDR 17 Veggtykkelse [mm];SDR 17 Vekt [kg/m];SDR 13,6 Veggtykkelse [mm];SDR 13,6 Vekt [kg/m];SDR 11 Veggtykkelse [mm];SDR 11 Vekt [kg/m];SDR 9 Veggtykkelse [mm];SDR 9 Vekt [kg/m];SDR 7,4 Veggtykkelse [mm];SDR 7,4 Vekt [kg/m]
20;;;;;;;;;2,0;0,118;2,3;0,133;3,0;0,165;;;;
25;;;;;;;2,0;0,151;2,3;0,172;3,0;0,213;3,5;0,243;;;;
32;;;;;2,0;0,200;2,4;0,228;3,0;0,274;3,6;0,326;4,4;0,387;;;;
40;;;2,0;0,251;2,4;0,290;3,0;0,354;3,7;0,434;4,5;0,507;5,5;0,607;;;;
50;;;2,0;0,317;2,4;0,372;3,0;0,460;3,7;0,550;4,6;0,672;5,6;0,789;6,9;0,945;;
63;;;2,5;0,482;3,0;0,586;3,8;0,730;4,7;0,869;5,8;1,060;7,1;1,250;8,6;1,500;;
75;;;2,9;0,682;3,6;0,826;4,5;1,030;5,6;1,230;6,8;1,480;8,4;1,770;10,3;2,110;;
90;2,2;0,633;2,8;0,800;3,5;0,987;4,3;1,190;5,4;1,470;6,7;1,760;8,2;2,140;10,1;2,540;12,3;3,040
110;2,7;0,945;3,4;1,170;4,2;1,450;5,3;1,770;6,6;2,190;8,1;2,630;10,0;3,180;12,3;3,790;15,1;4,550
125;3,1;1,230;3,9;1,530;4,8;1,860;6,0;2,280;7,4;2,790;9,2;3,390;11,4;4,090;14,0;4,890;17,1;5,850
140;3,5;1,500;4,3;1,880;5,4;2,350;6,7;2,850;8,3;3,500;10,3;4,250;12,7;5,130;15,7;6,120;19,2;7,340
160;4,0;1,990;4,9;2,500;6,2;3,080;7,7;3,730;9,5;4,570;11,8;5,540;14,6;6,740;17,9;7,990;21,9;9,610
180;4,4;2,500;5,5;3,150;6,9;3,830;8,6;4,690;10,7;5,770;13,3;7,010;16,4;8,510;20,1;10,100;24,6;12,130
200;4,9;3,080;6,2;3,850;7,7;4,740;9,6;5,810;11,9;7,100;14,7;8,650;18,2;10,500;22,4;12,500;27,4;15,000
225;5,5;3,900;6,9;4,890;8,6;5,960;10,8;7,350;13,4;9,030;16,6;10,900;20,5;13,300;25,2;15,800;30,8;18,900
250;6,2;4,770;7,7;6,090;9,6;7,380;11,9;9,030;14,8;11,100;18,4;13,500;22,7;16,300;27,9;19,500;34,2;23,400
280;6,9;5,960;8,6;7,550;10,7;9,200;13,4;11,340;16,6;13,900;20,6;16,900;25,4;20,400;31,3;24,400;38,3;29,300
315;7,7;7,600;9,7;9,700;12,1;11,700;15,0;14,300;18,7;17,600;23,2;21,400;28,6;25,900;35,2;30,900;43,1;37,200
355;8,7;9,600;10,9;12,100;13,6;14,800;16,9;18,200;21,1;22,400;26,1;27,200;32,2;33,000;39,7;39,300;48,5;47,200
400;9,8;12,500;12,3;15,700;15,3;19,100;19,1;23,600;23,7;28,900;29,4;35,200;36,3;42,700;44,7;50,800;54,7;61,100
450;11,0;15,800;13,8;19,900;17,2;24,200;21,5;29,800;26,7;36,600;33,1;44,600;40,9;54,100;50,3;64,300;61,5;77,300
500;12,3;19,400;15,3;24,400;19,1;29,900;23,9;36,900;29,7;45,100;36,8;55,000;45,4;66,700;55,8;79,400;;
560;13,7;24,400;17,2;30,700;21,4;37,500;26,7;46,200;33,2;56,600;41,2;69,000;50,8;83,700;62,5;99,600;;
600;14,7;25,7;18,7;32,4;23,1;39,7;28,6;48,7;35,6;60,000;44,1;73,000;54,5;88,6;67,6;107,3;;
630;15,4;30,800;19,3;38,700;24,1;47,400;30,0;58,300;37,4;71,800;46,3;87,300;57,2;105,000;70,3;127,600;;
710;17,4;39,000;21,8;49,200;27,2;60,200;33,9;74,200;42,1;91,000;52,2;110,800;64,5;134,300;79,3;162,000;;
800;19,6;49,500;24,5;62,400;30,6;76,300;38,1;94,000;47,4;115,000;58,8;140,700;72,6;170,400;89,3;205,700;;
900;22,0;62,800;27,6;79,000;34,4;97,400;42,9;118,900;53,3;146,000;66,1;178,100;81,7;215,600;;;;
1000;24,5;77,000;30,6;98,000;38,2;120,000;47,7;147,000;59,3;180,000;73,4;216,900;90,8;266,200;;;;
1100;26,8;93,500;34,1;117,900;42,3;145,000;52,4;177,600;65,2;218,000;80,9;266,000;;;;;;
1200;29,4;111,000;36,7;140,000;45,9;173,000;57,2;211,600;71,1;257,800;88,2;316,500;;;;;;
1400;34,3;151,300;42,9;190,900;53,5;234,700;66,7;287,500;83,0;350,600;102,9;430,700;;;;;;
1600;39,2;198,000;49,0;249,000;61,2;306,000;76,2;375,500;94,8;457,800;117,5;562,500;;;;;;
1800;44,0;250,000;55,1;308,500;68,8;387,900;85,8;475,100;106,6;579,300;;;;;;;;
2000;48,9;308,600;61,2;380,800;76,4;478,800;95,3;586,500;118,5;715,200;;;;;;;;
2100;51,4;340,200;64,3;419,800;80,3;527,800;100,0;646,600;;;;;;;;;;
2300;56,3;408,000;70,4;503,500;87,9;633,000;109,5;775,600;;;;;;;;;;
2500;61,2;482,000;76,5;594,800;95,5;747,900;119,1;916,200;;;;;;;;;;
